Safir,Mohammad Karim Tokhi, Team ROCCAT, Afghanistan,AD
Kanani,Lamine-Lounis Khouani, Team AURORA, Algeria,Jungler
Adrelina,Nicolas Gutierrez, Guerreros del Mouse, Argentina,Support
Alfred,Alfredo Gonzalez, Freedom Dive, Argentina,AD
Ankzu,Guido Sergio Bosi, Furious Gaming, Argentina,Sub
Badmilk,Enrique Arbizu, Last Kings, Argentina,Support
BlackLotus,Matias Milla, Freedom Dive, Argentina,Support
CallMeLucky,Alejandro Ko, Guerreros del Mouse, Argentina,
Caos,Nicolás Guzmán, Isurus Gaming, Argentina,Sub
Dinamox,Javier Korhasanoglu, Furious Gaming, Argentina,Mid
Dishake,Gonzalo D'iapico, Stomp eSports, Argentina,Support
DobleNelson,Nelson Guido, Hafnet eSports, Argentina,Sub
Genos,Tomas Martinez, Virtus Legion, Argentina,Jungle
Genthix,Mariano Polonsky, Furious Gaming, Argentina,Support
GodNivia,Fede Cesaretti, Dynasty Gaming, Argentina,Mid
Gonto,Alan Gontovnikas, Furious Gaming, Argentina,Jungler
Hydra,Luca Grieco, Galactic Gamers, Argentina,Mid
JETnT,Nicolas Spikerman, Coliseo Dragons, Argentina,Sub
Khynm,Cristian Gabriel Alonso Roussy, Hafnet eSports, Argentina,Jungler
Kuruk,Mateo Miccino, Agresiv, Argentina,Jungler
Kvrof,Alejo Vazquez, Hafnet eSports, Argentina,Sub
lRoma,Lucas Romano, Guerreros del Mouse, Argentina,Top
Le Smart,Facundo Canteros, Hafnet eSports, Argentina,Mid
LePuma,Juan José Palomeque, Virtus Legion, Argentina,Mid
Minibestia,Jesus Coll, Robert Morris University, Argentina,Support
nGrafo,Nicolas Graffigna, Freedom Dive, Argentina,Sub
Naryt,Santiago Bileta, Isurus Gaming, Argentina,Manager
Newbie,Leandro Marcos, Isurus Gaming, Argentina,Support
Nipphu,Franco Funes, Last Kings, Argentina,Top
Nothing,Brandon Merlo, Nocturns Gaming, Argentina,AD
PkerHide,Francisco Dente, Freedom Dive, Argentina,Mid
Prodigy,Agustin Juárez, Furious Gaming, Argentina,AD
Renk0n,Fernando Martín Besteiro, Dynasty Gaming Wildcats, Argentina,Top
Rod,Rodrigo Altieri, Nocturns Gaming, Argentina,Jungler
Romanilly,Gonzalo Andres Manzano, Guerreros del Mouse, Argentina,Jungler
Ruo,Federico Dell'Immágine, Virtus Legion, Argentina,Top
Sparks,Benjamin Covarrubias, Freedom Dive, Argentina,Top
Suiiki,Facundo Mascheroni, Guerreros del Mouse, Argentina,Mid
Tomex,Tomás Alloti, Hafnet eSports, Argentina,Support
TomnaM,Enzo Ferreira, Bencheados, Argentina,AD
TooHot,Martin Galara, Coliseo Dragons, Argentina,Mid
Tsunami,Hernan Acosta Arencon, Nocturns Gaming, Argentina,Support
Tuqueiro,Mariano Collazo, Agresiv, Argentina,Top
WhiteLotus,Matías Musso, Last Kings, Argentina,AD
zEkO,Federico Cristalino, Agresiv, Argentina,Mid
Edward,Edward Abgaryan, Team ROCCAT, Armenia,Support
Bma,Brendan Ma, Trident Esports, Australia,Mid
Btka,Richard Dodd, Alpha Sydney, Australia,Mid
Carbon,Tim Wendel, Legacy eSports, Australia,Jungler
Cheese,Daniel Brown, The Chiefs eSports Club, Australia,Sub
Cheny,James Chen, Sudden Fear, Australia,Mid
ChuChuZ,Aaron Bland, Legacy eSports, Australia,Mid
Claire,Brandon Nguyen, Trident Esports, Australia,Mid
Destiny,Mitchell Shaw, Avant Garde, Australia,AD
EGym,Bryce Paule, The Chiefs eSports Club, Australia,Support
Edition,Patrick Nguyen, Trident Esports, Australia,AD
Frae,Leon Lee, Hellions e-Sports Club, Australia,AD
Frogadog,Michael Cornish, Alpha Sydney, Australia,Top
Impaired,Elliot Capell, Trident Esports, Australia,Jungler
Jayke,Jayke Paulsen, Trident Esports, Australia,Support
k1ng,Calvin Truong, Legacy eSports, Australia,AD
Mattress,Chris Manolis, Infernum Gaming, Australia,Coach
Midbeast,Drew Timbs, Infernum Gaming, Australia,Mid
Minkywhale,An Viet Trinh, Legacy eSports, Australia,Coach
Newto,Joshua Newton, Alpha Sydney, Australia,Support
Nex,Andre Brandle, Avant Garde Redemption, Australia,Top
JKSmithy,Justin Smith, Team Immunity, Australia,Top
Only,Jordan Middleton, Alpha Sydney, Australia,Jungler
Phantiks,Richard Su, Dire Wolves, Australia,Mid
RYmeister,Jason Ryan, Sin Gaming, Australia,Mid
Raydere,Derek Trang, The Chiefs eSports Club, Australia,AD
Regret9,Curtis Schembri, Legacy eSports, Australia,Support
Rippii,Nathan Mott, Dire Wolves, Australia,Jungler
Rosey,Andrew Rose, Chiefs Black, Australia,Support
Seb,Sebastian De Ceglie, Infernum Gaming, Australia,Jungler
Sharp,Curtis Morgan, Dire Wolves, Australia,Top
Snoopy,Trong Truong, Team Immunity, Australia,Sub
Spookz,Samuel Broadley, The Chiefs eSports Club, Australia,Jungler
Stealthix,Nicholas Tian, Infernum Gaming, Australia,AD
Straawbella,Isabella Chan, Abyss Esports Red, Australia,Support
Swiffer,Simon Papamarkos, The Chiefs eSports Club, Australia,Mid
Swip3rR,Brandon Holland, The Chiefs eSports Club, Australia,Top
Tally,James Shute, Legacy eSports, Australia,Top
Trashboat,Kristiano Luk_i_, Sin Gaming, Australia,AD
Triple,Stephen Li, Avant Garde, Australia,Mid
UberBro,David Uebergang, Team Immunity, Australia,AD
Warble,Kieran Brown, Avant Garde, Australia,AD
Wiffle,Steven Knights, Infernum Gaming, Australia,Support
Wzrd,Joshua Russell, Trident Esports, Australia,Mid
Yuzuki,Damian Tu, Infernum Gaming, Australia,Support
SunnyXX,Josef Schusteritsch, TTD Toybox, Austria,AD
DreAmZyY,Thomas De Cock, GSI Gaming, Belgium,Top
je suis kaas,Christophe van Oudheusden, Huma, Belgium,Support
Moopz,Amaury Minguerche, Team Vitality, Belgium,Support
Luiyi,Luis Condori, Red Arrows Team, Bolivia,Jungler
4LaN,Alanderson Meireles, Overload, Brazil,Jungler
Alocs,Leonardo Belo, g3nerationX, Brazil,Support
Anjinho,Roberto Buzzoleti, Santos Dexterity, Brazil,Coach
Aoshi,Franklin Coutinho, CNB e-Sports Club, Brazil,Top
Ayel,Marcelo Mello, RED Canids, Brazil,Top
Baiano,Gustavo Gomes, Keyd Stars, Brazil,Support
BocaJR,Emerson Alencar, Robot E-Sports Team, Brazil,Support
brTT,Felipe Gonçalves, paiN Gaming, Brazil,AD
Brucer,Bruno Pereira, RED Canids, Brazil,Mid
Cabuloso,Victor Oliveira, Remo Brave e-Sports, Brazil,Support
Caos,Jonas Cardoso Vriesman, RED Canids, Brazil,Sub
Danagorn,Daniel Drummond, KaBuM! e-Sports, Brazil,Sub
dans,Daniel Dias, KaBuM! e-Sports, Brazil,Sub
Djokovic,Thiago Maia, CNB e-Sports Club, Brazil,Coach
DudsTheBoy,Igor Lima Homem, Overload, Brazil,AD
Eryon,Márcio Costa Jordão da Silveira Reis, RED Canids, Brazil,Support
esA,André Eidi Yanagimachi Pavezi, Keyd Stars, Brazil,AD
Espeon,Martin Gonçalves, Overload, Brazil,Support
Evrot,Danniel Franco, Remo Brave e-Sports, Brazil,Mid
EzPrince,Victor Sun, Operation Kino e-Sports, Brazil,AD
Freire,Matheus Freire, Remo Brave e-Sports, Brazil,Jungler
GGNiko,Nicholas Bocchi, CNB Trinity White, Brazil,Support
Gikko,Giordano Pereira, CNB Trinity Blue, Brazil,AD
Goku,Bruno Miyaguchi, Operation Kino e-Sports, Brazil,Mid
Jockster,Luan Cardoso, INTZ e-Sports, Brazil,Support
Kalec,Rodrigo Rodrigues, Robot E-Sports Team, Brazil,AD
Kami,Gabriel Santos, paiN Gaming, Brazil,Mid
Krastyel,Marcos Ferraz, Overload, Brazil,Mid
LEP,Pedro Marcari, KaBuM! e-Sports, Brazil,Top
Leko,Whesley Holler, paiN Gaming, Brazil,Sub
Leozuxo,Leonardo Camicia, Big Gods, Brazil,Jungler
Loop,Caio Almeida, paiN Gaming, Brazil,Analyst
Luskka,Lucas Felipe Rentechen, Big Gods, Brazil,AD
Lynx,Pedro Quintavalle, Overload, Brazil,Top
Matsukaze,Pedro Gama, KaBuM! e-Sports, Brazil,AD
MiT,Gabriel Souza, paiN Gaming, Brazil,Coach
micaO,Micael Rodrigues, INTZ e-Sports, Brazil,AD
Minerva,Gustavo Alves, KaBuM! e-Sports, Brazil,Jungler
Mylon,Matheus Borges, paiN Gaming, Brazil,Top
Nekro,Matheus Garçon, CNB Trinity White, Brazil,Jungle
pbo,Pablo Yuri, CNB e-Sports Club, Brazil,AD
Picoca,Matheus Tavares, paiN Gaming, Brazil,Sub
Preston,Bruno Andrade, Santos Dexterity, Brazil,Coach
Professor,Matheus Leirião, Operation Kino e-Sports, Brazil,Support
Rakin,Rafael Knittel, Big Gods, Brazil,Mid
Ranger,Filipe Brombilla, Big Gods, Brazil,Top
RedBert,Ygor Freitas, Big Gods, Brazil,Support
Revolta,Gabriel Henud, INTZ e-Sports, Brazil,Jungler
Robo,Leonardo Souza, Keyd Stars, Brazil,Top
SacyR,Gustavo Rossi, RED Canids, Brazil,AD
Sarkis,Matheus Guimarães, Remo Brave e-Sports, Brazil,AD
Sessh,Bruno Alexandre, Robot E-Sports Team, Brazil,Jungler
SirT,Thúlio Carlos, paiN Gaming, Brazil,Jungler
SkyBart,Mateus Neves, Operation Kino e-Sports, Brazil,Top
Skyer,Felipe Gimenes Madeira, Operation Kino e-Sports, Brazil,AD
TaeYeon,Rodrigo Panisa, g3nerationX, Brazil,Mid
takeshi,Murilo Alves, Keyd Stars, Brazil,Mid
TheFoxz,Renato Souza, paiN Gaming, Brazil,Sub
Thulz,Vinicius Machado, Remo Brave e-Sports, Brazil,Top
TinOwns,Thiago Sartori, KaBuM! e-Sports, Brazil,Mid
tockers,Gabriel Claumann, INTZ e-Sports, Brazil,Mid
Turtle,Gabriel Peixoto, Keyd Stars, Brazil,Jungler
Vash,Guilherme Del Buono, CNB e-Sports Club, Brazil,Mid
w0lv,Michel Bruno, e-Champ Gaming, Brazil,Top
Wos,Willyan Bonpam, CNB e-Sports Club, Brazil,Support
Yang,Felipe Zhao, INTZ e-Sports, Brazil,Top
yeTz,Mateus Vieira, Team Innova, Brazil,Manager
YoDa,Felipe Noronha, RED Canids, Brazil,Jungler
Zantins,Luccas Zanqueta, g3nerationX, Brazil,Top
ziriguidun,Pedro Vilarinho, KaBuM! e-Sports, Brazil,Support
Zuao,João Vitor Morais, Operation Kino e-Sports, Brazil,Jungler
Cavaradøssi,Petko Tsvyatkov, Bulgaria's Finest, Bulgaria,Jungle
Hylissang,Zdravets Iliev Galabov, Unicorns Of Love, Bulgaria,Support
Sløøpy,Nikolay Tsvyatkov, Obicham Pyrjoli, Bulgaria,Mid
Unlimited,Petar Georgiev, SK Gaming, Bulgaria,Support
Altec,Johnny Ru, NRG eSports, Canada,AD
Biofrost,Vincent Wang, Dream Team, Canada,Support
bobqinxd,Bob Qin, UBC eSports, Canada,Mid
Bodydrop,Adam Krauthaker, Frank Fang Gaming, Canada,Support
Captain Ziploc,William Despard, Wazabi Gaming, Canada,Jungler
Chorong,Andy Hoang, Dream Team, Canada,Top
ChumpJohn,Johnson Ranta, Galactic Gamers, Canada,Top
Darshan,Darshan Upadhyaya, Counter Logic Gaming, Canada,Top
DontMashMe,Brandon Phan, Team Impulse, Canada,AD
Doomtrobo,Dominic Gilbert-Julien, DatZit Gaming Fire, Canada,Jungler
Empt2,Leung Anson Tsz Ho (___), No Game No Life, Canada,Jungler
Hard,Anthony Barkhovtsev, Echo Fox, Canada,Jungler
HotshotGG,George Georgallidis, Counter Logic Gaming, Canada,Manager
Innox,Tyson Kapler, CLG Black, Canada,Mid
Maplestreet,Ainslie Wyllie, Frank Fang Gaming, Canada,AD
Razleplasm,Barento Mohammed, Team Dignitas, Canada,Coach
Big ol Ron,Ryan Ballard, Stars eSports Club, Canada,Top
Shiphtur,Danny Le, Team Dignitas, Canada,Mid
Smoothie,Andy Ta, Team Liquid Academy, Canada,Support
TheOddOne,Brian Wyllie, Team SoloMid, Canada,Jungler
Trance,Lawrence Amador, Team Dragon Knights, Canada,Support
WildTurtle,Jason Tran, Immortals, Canada,AD
zig,Derek Shao, Team Liquid Academy, Canada,Top
Advanze,Felipe Guajardo, Freedom Dive, Chile,Jungle
Clatos,Claudio Navarrete, Isurus Gaming, Chile,
EduardoFilopo,Eduardo Acuña, Cursed Giants, Chile,Mid
Emp,Benjamin Ramirez, Isurus Gaming, Chile,Mid
Focho,Matias Porto, Last Kings, Chile,Jungle
Gos,Gerardo Morales, Nocturns Gaming, Chile,Mid
Helior,Felipe Alejandro Pastenes Ayca, Kaos Latin Gamers, Chile,Top
iBreak,Axel Felipe Arévalo, Bencheados, Chile,Jungle
Juliostito,Julio Alejandro Berrios Berrios, Kaos Latin Gamers, Chile,Jungler
Kaoz,Nicolás Gutiérrez, Hafnet eSports, Chile,Sub
Misfits,Jonathan Varas Muñoz, Kaos Latin Gamers, Chile,Sub
Ominator,Luciano Lambelet, Bencheados, Chile,Support
Pride,Franco Sanzana, Isurus Gaming, Chile,Top
Quaker,Nicolas Lagos, Rebirth eSports, Chile,Jungler
Rakyl,Fernando Naranjo, Beast Mode, Chile,Jungle
Rakyz,Vicente Trautmann, Last Kings, Chile,Mid
Slater,Sergio Cuadra Bastias, myRevenge Chile, Chile,Support
Slow,Eduardo Garcés, Rebirth eSports, Chile,Support
Vendetta,Diego Ramirez, Bencheados, Chile,Top
Warangelus,Fabián Llanos, Hafnet eSports, Chile,Mid
xBravo,Bastian Bravo, Bencheados, Chile,Sub
Zeicro,Juan Mauricio Fierro Quiroz, Isurus Gaming, Chile,AD
5,Liu Shi-yu (___), Oh My God, China,Support
957,Ke Chang-Yu (___), Team WE, China,Top
Aaron,Ji Xing (__), EDward Gaming, China,Coach
Aluka,Peng Zhen-Ming (___), Team WE, China,Top
Ao,Xue Chang-Jun (___), ZTR Gaming, China,AD
BAKA,Lu Fan (__), Snake eSports, China,Mid
BSYY,Luo Sheng (__), Oh My God, China,Coach
Bao,Zhang Jia-Zhi (___), Royal Club, China,Sub
beibei,Meng Zhang, Team Impulse, China,Jungler
bei,Zhang Yu-Ze (___), Oh My God, China,AD
BoBo,He Wen-Bo (___), Star Horn Royal Club, China,AD
CCCLLL,Chen Long (__), Team WE Future, China,Top
Candy,Tang Xin (__), Newbee Young, China,AD
CaoMei,Wei Handong (___), Team WE, China,Coach
Carry,Wang Zu-Jing (___), Unlimited Potential, China,Top
caveMan,Duan De-Liang (___), Vici Gaming, China,Support
ClearLove,Ming Kai (__), EDward Gaming, China,Jungler
Cola,Jiang Na (__), ZTR Gaming, China,Top
Conan,Ke Yi (__), Team WE, China,Support
Condi,Xiang Ren-Jie (___), Team WE, China,Jungler
Cool,Yu Jia-Jun (___), Oh My God, China,Mid
corn,Lei Wen (__), Star Horn Royal Club, China,Mid
crisis,Huang Zhen (__), Energy Pacemaker.All, China,Jungler
Danger,Wei Shao-jian (___), Gamtee, China,Jungler
Dark,Yang Ju-Bao(___), Oh My God, China,Top
Dgc,Chen Xu, Vici Gaming, China,Jungler
EShen,Fan Chao (__), Energy Pacemaker.All, China,Mid
Eimy,Xie Dan (__), LGD Gaming, China,Jungler
Endless,Xu Hao (__), Vici Gaming, China,Mid
Fan,Liu Yi-Fan (___), LGD Gaming, China,Support
Feng,Wang Xiao-Feng (___), Team Impulse, China,Top
fireloli,Zhao Zhi-Ming (___), EDward Gaming, China,Sub
FishBall,Wang Yu (__), Oh My God, China,Jungler
Flandre,Li Xuan-jun (___), Snake eSports, China,Top
Gate,Austin Yu, Team Impulse, China,Support
HYY,Zhai Wen-Han (___), Star Horn Royal Club, China,AD
HannitaH,Jianyu Zhou Zheng, Dimegio Club, China,Top
Hetong,Wang Bin (__), Unlimited Potential, China,Mid
hu1,Lei Hui-Guo (___), Star Horn Royal Club, China,Jungler
icon,Xie Tian-Yu (___), Oh My God, China,Mid
if,Cui Yi (__), STAR, China,Support
illuSioN,Chen Xin-Lin (___), Young Glory, China,Jungler
Jiaoyang,Xin Chen (__), Unlimited Potential, China,Mid
Jia,Peng Jia-Wei (___), Snake eSports, China,Support
JieZou,Xia Heng (__), Energy Pacemaker.All, China,Support
Jinjiao,Xie JinShan (___), EDward Esports, China,AD
JokerJ,Xu Fei (__), Team WE, China,
Jun,Chen Lin-Jun (___), Snake eSports, China,Coach
kRYST4L,Yang Fan (__), Snake eSports, China,AD
Kid,Ge Yan (__), Invictus Gaming, China,Jungler
Kitties,Liu Hong-Jun (___), Invictus Gaming, China,Support
Koro1,Tong Yang (__), EDward Gaming, China,Top
LetMe,Yan Jun-Ze (___), Royal Never Give Up, China,Top
Leyn,Le Yi (__), Royal Never Give Up, China,Support
Loong,Zhu Xiao-Long (___), Vici Gaming, China,Top
LoveCD,Li Jun-Feng (___), Masters 3, China,Support
Lucky,Liu Jun-Jie (___), Royal Club, China,Jungler
Luo,Luo Ci-rui (___), Oh My God, China,Support
Luo,Yin Peng (__), Newbee Young, China,Mid
Lvmao,Zuo Ming-Hao (___), ZTR Gaming, China,Support
Marbee,Xie Kui (__), AD Gaming, China,AD
march,Ye Jia-Bin (___), Hyper Youth Gaming, China,Jungler
Martin,Tan Qi (__), Snake eSports, China,AD
Massacre,"Li Yu ""Cody"" Sun", Dream Team, China,AD
Meiko,Tian Ye (__), EDward Gaming, China,Support
Ming,Shi Sen-Ming (___), Young Miracles, China,Support
Miss,Han Yi-Ying (___), Energy Pacemaker, China,Mid
Mlxg,Liu Shi-yu (___), Royal Never Give Up, China,Jungler
Moon,Gu-Yue Ze-Yu (____), Energy Pacemaker.All, China,AD
Mortred,Huang Zi-Kun (___), Qiao Gu Reapers, China,Mid
Mor,Zhang Hong-Wei (___), Qiao Gu Reapers, China,Support
Mouse,Chen Yu-Hao (___), EDward Gaming, China,Sub
mo,Cai Bo (__), Invictus Gaming, China,Support
mrsj,Chen Zhi-Yuan (___), Team WE, China,Mid
NaMei,Zhu Jia-Wen (___), Royal Never Give Up, China,AD
Ning,Gao Zhen-Ning (___), Young Miracles, China,AD
PDD,Liu Mou (__), Young Miracles, China,Top
Peco,Yu Rui (__), Qiao Gu Reapers, China,AD
Peng,Peng Yi-Bo (___), Unlimited Potential, China,Mid
PentaQ,Xu Ming-Shu (___), Masters 3, China,AD
Punished,Li Yuan-Hui (___), Vici Gaming, China,Mid
Pyl,Chen Bo (__), LGD Gaming, China,Support
qixiaoyin,Wang Jia-Chao (___), AD Gaming, China,Jungler
Quan,Zhu Yong-Quan (___), Oh My God, China,Jungler
Rabbit97,He Zhi-Hong (___), Energy Pacemaker.All, China,Jungler
Romantic,Zhang Cheng (__), Energy Pacemaker.All, China,Mid
rq,Qin Bo-Han (___), EDward Gaming, China,Sub
Rui,Wang Xing-Rui (___), ShowTime, China,Support
S1mLz,Han Jin (__), Oh My God, China,AD
Sask,Zhou Yi-Xiang (___), Royal Never Give Up, China,Mid
Savoki,Jin Hao (__), Masters 3, China,Support
Scenery,Yan Hong (__), Masters 3, China,Jungler
Shine,Chen Yang (__), AD Gaming, China,Support
SinkDream,Dong Shi-chun (___), ZTR Gaming, China,Support
Skye,Fan Qi-Fang (___), ZTR Gaming, China,Top
Soul,Zhou Feng (__), Energy Pacemaker.All, China,Support
ss17God,Xu Zhao (__), Hyper Youth Gaming, China,Top
Star,Fu Yang (__), Energy Pacemaker.All, China,Top
Sweet,Zhou Hao (__), EDward Esports, China,Sub
Tale,Zhao Xiao-yu (___), Oh My Dream, China,AD
Time,Tang Jin-Tai (___), Invictus Gaming, China,AD
Uzi,Jian Zi-Hao (___), Qiao Gu Reapers, China,AD
U,Ceng Long (__), Snake eSports, China,Mid
Vasilii,Li Wei-Jun (___), Vici Gaming, China,AD
Viper,He Hao (__), Young Miracles, China,Mid
V,Bao Bo (__), Qiao Gu Reapers, China,Top
We1less,Wei Zhen (__), LGD Gaming, China,Mid
World6,Chen Yu-Tian (___), Unlimited Potential, China,
WuShuang,Wang Hai-Li (___), Team WE, China,Jungler
wuxx,Wang Cheng (__), Royal Never Give Up, China,AD
x1u,Yu Jie (__), Hyper Youth Gaming, China,Support
XQ,Li Ying-Jie (___), Hyper Youth Gaming, China,AD
XiaoWeiXiao,Yu Xian (__), Oh My Dream, China,Mid
xiaohu,Li Yuan-Hao (___), Royal Never Give Up, China,Mid
xiaoxi,Li Wei-Sheng (___), LGD Gaming, China,Jungler
xiyang,Hu Bin (__), Oh My God, China,Top
Xiye,Su Han-Wei (___), Team WE, China,Mid
Xuan,Pi Xiao-Xuan (___), Unlimited Potential, China,AD
xy,Feng Yu-Xin (___), Masters 3, China,Top
Y4,Wang Nong-Mo (___), ZTR Gaming, China,AD
Yao,Yao Yuan (__), Roar, China,Top
Yeluo,Chen Li-Bin (___), LGD Gaming, China,Mid
Yh,Ying Hai (__), Vici Gaming, China,Support
YuZhe,Zhang Zhe (__), Newbee Young, China,Support
Yu,Li Xin-Nan (___), LGD Gaming, China,Jungler
ZZR,Zeng Zhan-Ran (___), Snake eSports, China,Jungler
ZangAo,Feng Guang-Hua (___), Energy Pacemaker.All, China,Sub
Zun,Fan Chen-Gang (___), Vici Gaming, China,Mid
Zzitai,Liu Zhihao (___), Invictus Gaming, China,Mid
Rushley,Bryan Giraldo, Red Arrows Team, Colombia,Top
TetricAttack,Daniel Chavarría, Red Arrows Team, Colombia,Mid
Zeypher,Esteban Guzmán, Tesla E-Sports, Colombia,AD
Choisix,Steven Cordero, BrawL.LAN, Costa Rica,Support
DevilFenix,Mauricio Madrigal, BrawL.LAN, Costa Rica,Jungler
MegaK,Esteban Matamoros, Creta Gaming, Costa Rica,AD
Torrasque,Tomas Madrigal, BrawL.LAN, Costa Rica,Mid
Lukezy,Luka Trumbi_, Choke Gaming, Croatia,Mid
PerkZ,Luka Perkovi_, G2 Esports, Croatia,Mid
Rapid,Jeff McColony, BrawL.LAN, Curaçao,Mid
Freeze,Ale_ Kn__ínek, Renegades, Czech Republic,AD
Mozilla,Pavel Klaban, Fraternitas, Czech Republic,Support
Nardeus,Tomá_ Mar_álek, mousesports, Czech Republic,AD
Achuu,Nicolaj Ellesgaard, SuperMassive eSports, Denmark,AD
Bjergsen,Søren Bjerg, Team SoloMid, Denmark,Mid
Critbud,Victor Etlar Eriksen, Tricked eSports, Denmark,AD
Doxy,Rafael Adl Zarabi, Vega Squadron, Denmark,Top
Froggen,Henrik Hansen, Echo Fox, Denmark,Mid
Godbro,Dan Van Vo, Huma, Denmark,Mid
Jensen,Nicolaj Jensen, Cloud9, Denmark,Mid
Jesse,Jesse Le, Team Dignitas, Denmark,Analyst
Kobbe,Kasper Kobberup, Splyce, Denmark,AD
MikeyR,Mike Røntved, Tricked eSports, Denmark,Manager
MrRalleZ,Rasmus Skinneholm, Elements, Denmark,AD
Nisbeth,Nicolai Nisbeth, Splyce, Denmark,Support
Obvious,Dennis Sørensen, Enemy, Denmark,Jungler
P1noy,Kristoffer Albao Lund Pedersen, Copenhagen Wolves, Denmark,AD
Sencux,Chres Laursen, Splyce, Denmark,Mid
SezzeR,Jonatan Villebro, SK Gaming, Denmark,Jungler
Søren Holdt Frederiksen,Søren Holdt Frederiksen, Copenhagen Wolves, Denmark,Mid
Soren,Søren Holdt Frederiksen, Copenhagen Wolves, Denmark,Mid
Svenskeren,Dennis Johnsen, Team SoloMid, Denmark,Jungler
Trashy,Jonas Andersen, Splyce, Denmark,Jungler
Trowen,Admir Spahic, Copenhagen Wolves, Denmark,Jungler
Visdom,Benjamin Ruberg Larsen, HWA Gaming, Denmark,Support
Wickd,Mike Petersen, Copenhagen Wolves, Denmark,Top
Wunderwear,Martin Hansen, Splyce, Denmark,Top
Zven,Jesper Svenningsen, Origen, Denmark,AD
NoLimit,Jorge Santamaria, Rejected, Ecuador,Support
beansu,Mauno Tälli, mousesports, Estonia,Top
SirNukesAlot,Risto Luuri, Copenhagen Wolves, Estonia,Support
Cyanide,Lauri Happonen, Origen, Finland,Jungler
Hiiva,Aleksi Kaikkonen, Renegades: Banditos, Finland,Support
Latimer,Aleksi Ihalainen, RCTIC eSports, Finland,Support
Malkkari,Teemu Maliniemi, RCTIC eSports, Finland,AD
Sleeping,Christian Tiensuu, SK Gaming, Finland,Top
Zytan,Niklas Lakaniemi, mousesports, Finland,Support
Cabochard,Lucas Simon-Meslet, Team Vitality, France,Top
Dioud,Hugo Padioleau, RED Canids, France,Support
Djoko,Charly Guillard, Millenium, France,Jungler
Eika,Jérémy Valdenaire, Elements, France,Mid
Hans,Steven Liv, Millenium, France,AD
Haydal,Haïdar Mezidi, E-corp Gaming, France,AD
Huhi,Choi Jae-hyun (___), Counter Logic Gaming, France,Mid
Kaze,Quentin Gourbeix, Millenium, France,Top
KazuXD,Kazuta Suzuki, DetonatioN Gaming, France,Coach
loulex,Jean-Victor Burgevin, Unicorns Of Love, France,Jungler
Myw,Beverly Bioli, Millenium, France,AD
Nono,Rim-Raimon Amanieu, GG Call Nash, France,AD
sOAZ,Paul Boyer, Origen, France,Top
Sardoche,Andréas Honnet, Lamasticrew, France,Analyst
ShLaYa,Tony Carmona, Team Vitality, France,Mid
Shaunz,Kévin Ghanbarzadeh, Team Vitality, France,Coach
Steeelback,Pierre Medjaldi, Unicorns Of Love, France,AD
Steve,Etienne Michels, Elements, France,Top
Tidus,Jocelyn Pierlot, Mad Theory, France,AD
YellOwStaR,Bora Kim, Team SoloMid, France,Support
Yuuki60,Soler Florent, Renegades: Banditos, France,AD
Amazing,Maurice Stückenschneider, Origen, Germany,Jungler
Arphan,Arphan Omar, Dark Passage, Germany,Support
avenuee,Mustafa Atalay, Team AURORA, Germany,Mid
dexter,Marcel Feldkamp, Elements, Germany,Jungler
Dman403,Damian Dörfling, COREPLAY, Germany,Jungler
Entenzwerg,Janis Thomas Krzok, Planetkey Dynamics, Germany,AD
Gilius,Berk Demir, Elements, Germany,Jungler
Intox,Niklas Lips, EURONICS Gaming, Germany,Support
LeDuck,Titus Hafner, Inspire eSports, Germany,Coach
LordKevko,Kevin Zuber, x6tence, Germany,Mid
nRated,Christoph Seitz, Team ROCCAT, Germany,Support
NoXiAK,Lewis Simon Felix, Team ROCCAT, Germany,Support
noway4u,Frederik Hinteregger, Mysterious Monkeys, Germany,Mid
Nurok,Nils Gebhardt, n!faculty, Germany,Top
Nyph,Patrick Funke, Elements, Germany,Coach
PowerOfEvil,Tristan Schrage, Origen, Germany,Mid
Prothana,Roland Runge, ESC Gaming Europe, Germany,AD
Satorius,Max Günther, Inspire eSports, Germany,Top
Sedrion,Tarik Holz, EURONICS Gaming, Germany,AD
Smittyj,Lennart Warkus, Giants Gaming, Germany,Top
SorakaBot,Lars Fasse, Team Server-Forge, Germany,Jungler
Xioh,Julian Dumler, PENTA Sports, Germany,Mid
AnOnPsyCkO,John Kounelis, Void Gaming, Greece,Jungler
Dom1nant,John Vorgazlis, Void Gaming, Greece,Mid
FORG1VEN,Konstantinos Tzortziou, H2k-Gaming, Greece,AD
Galatas,Anil Hikmetoglou, Test Your Limits, Greece,Jungler
I Look Pretty,Prodromos Kevezitidis, Millenium, Greece,Mid
lNightmare,Georgios Skarafigkas, Team ALTERNATE, Greece,Jungler
MasterMinD,Nikos Kappas, Test Your Limits, Greece,AD
NaSoMaNiAC,Nasos Bouboulis, Test Your Limits, Greece,Top
Riou,Stelios Athanasiadis, Test Your Limits, Greece,Mid
SpiDerPiTv2,Panagiotis Routzounis, Test Your Limits, Greece,Support
WildPanda,Dimosthenis Dimitriadis, Different Dimension, Greece,Support
AmazingJ,Shek Wai Ho (___), EDward Esports, Hong Kong,Top
Avoidless,Fan Jun Wei (___), EDward Esports, Hong Kong,Jungler
BuPing,Wong Ka Hung (___), New Type Gaming, Hong Kong,Coach
COOLG,Tin Chi Chung (___), No Game No Life, Hong Kong,AD
chacha,Lau Ka Lun, DreamCatcher, Hong Kong,Support
Chillyz,Kong Lok Hin (___), Hong Kong Esports, Hong Kong,Mid
Chris,Siu Keung (__), Invictus Gaming, Hong Kong,Coach
Chunx,Tang Hoi Chun (___), No Game No Life, Hong Kong,Support
Dennis,Lau Hoi Wing (___), Assassin Sniper, Hong Kong,Mid
DomhoX,Ho Cheuk Hei (___), Legend Dragon, Hong Kong,Coach
GodKwai,Cheung Ho Wan (___), Hong Kong Esports, Hong Kong,AD
Helios,Yuen Hei Hiun (___), Energy Pacemaker.All, Hong Kong,Coach
Heovax,Leon Chan, Make Sense Gaming, Hong Kong,Mid
JoJo,Kan Yiu-Tou (___), Hyper Youth Gaming, Hong Kong,Mid
Kabe,Kan Ho Man (___), Legend Dragon, Hong Kong,AD
Kaiwing,Ling Kai Wing (___), Midnight Sun Esports, Hong Kong,Support
kane,Li Chi Hung (___), Wan Yoo, Hong Kong,AD
LOFS,Lam Ka Chun (___), No Game No Life, Hong Kong,Top
Mathew,Lau Kwan Ho (___), TEAM4NOT.OCE, Hong Kong,Support
Nexus,Tung Tung (__), eXtreme Gamers, Hong Kong,Top
PaSa,Lo Hung Sing (___), Legend Dragon, Hong Kong,Mid
Rena,Chan Dick Kay (___), Dream or Reality, Hong Kong,Mid
SkuLL,Gary Ng (___), Midnight Sun Esports, Hong Kong,Support
Tabe,"Pak Kan ""Martin"" Wong (___)", Invictus Gaming, Hong Kong,Support
Tinky,Yuen Park Lam (___), No Game No Life, Hong Kong,AD
Toyz,"Wai Kin ""Kurtis"" Lau (___)", Hong Kong Esports, Hong Kong,Mid
Wish,Michael Lau (___), No Game No Life, Hong Kong,Mid
Bluerzor,Dániel Subicz, Wonder Stag e-Sports, Hungary,Jungler
Exworm,Barnabás Tóth, Wonder Stag e-Sports, Hungary,AD
Frather,Lóránt Mikó, Wonder Stag e-Sports, Hungary,Top
Geller,Gábor Sipos, Wonder Stag e-Sports, Hungary,Support
mumus100,Márió Szépvölgyi, Team Empire, Hungary,Top
Robusto,Ákos Karsai, Wonder Stag e-Sports, Hungary,Mid
Vizicsacsi,Tamás Kiss, Unicorns Of Love, Hungary,Top
Cruzher,Bayu Putra, Revival Esports, Indonesia,Support
Luffy,Vandy Nugraha, Revival Esports, Indonesia,Top
Pokka,Hartanto Pokka, Zero Latitude, Indonesia,Mid
Rofens,Kyle William, Jakarta Juggernauts, Indonesia,AD
TwoJ,Henry Louis, Jakarta Juggernauts, Indonesia,Jungler
Inori,Rami Charagh, Team Dignitas, Iraq,Jungler
Brokenshard,Ram Djemal, Dream Team, Israel,Coach
Agua,Stefano Muscio, inFerno eSports, Italy,Jungler
Bonny,Andrea Bonifazio, inFerno eSports, Italy,AD
alk,Hiroyuki Okano, Rampage, Japan,Support
Alps,Tatsumi Suzuki, Team BlackEye, Japan,Mid
,,,,
TwoJ,Henry Louis, Jakarta Juggernauts, Indonesia,Jungler
Inori,Rami Charagh, Team Dignitas, Iraq,Jungler
Brokenshard,Ram Djemal, Dream Team, Israel,Coach
Agua,Stefano Muscio, inFerno eSports, Italy,Jungler
Bonny,Andrea Bonifazio, inFerno eSports, Italy,AD
7kane,Motoki Asanuma,, Japan,Manager
A M U S E 4,Takashi Otsuka,, Japan,Top
Alk,Hiroyuki Okano, Rampage, Japan,Support
Alps,Tatsumi Suzuki, Team BlackEye, Japan,Mid
Amatr,Asumi Ookawa, Unsold Stuff Gaming, Japan,Sub
Aotaka,Takuya Fujita, Rampage, Japan,Top
ApaMEN,Ryo Odagiri, Unsold Stuff Gaming, Japan,Top
Arden,Yusuke Suga,, Japan,Support
Arfoad,Kento Inoue, Team BlackEye, Japan,Top
Aripo,Eisho Nagata, Rascal Jester, Japan,Mid
Astarore,Yuta Hiratsuka, DetonatioN Gaming, Japan,Jungler
Awaker,Kentaro Hanaoka, 7th heaven, Japan,Jungler
Bakudanx,Alex Ortiz,, Japan,Jungler
Beni,Ryohei Tsuji, 7th heaven, Japan,Support
BonziN,Keisuke Oda, DetonatioN FocusMe, Japan,Top
CarilRui,Kentaro Katagiri, Team BlackEye, Japan,Jungler
Ceros,Kyohei Yoshida, DetonatioN FocusMe, Japan,Mid
Clockday,Kazuhiro Suzuki, Unsold Stuff Gaming, Japan,Mid
Cogcog,Ryohei Matsuda, Rascal Jester, Japan,Top
Day1,Wataru Shimizu, SCARZ, Japan,AD
Enty,Ryosei Tanioka, Unsold Stuff Gaming, Japan,Support
Envy,Yoshikazu Tanaka, Ozone Rampage, Japan,Jungler
Estelim,Sho Takahashi, 7th heaven, Japan,Mid
Evi,Shunsuke Murase, 7th heaven, Japan,Top
Georges,Akira Ueno,, Japan,Jungler
Haretti,Souta Nakamura, Unsold Stuff Gaming, Japan,AD
Hiroki,Hiroki Tadokoro,, Japan,Jungler
Inu,Akito Kuwabara, Rascal Jester, Japan,Jungle
Isurugi,Yoshitaka Hayasaki, Unsold Stuff Gaming, Japan,Jungle
Joke,Takuya Hiraishi,, Japan,AD
Lillebelt,Yosiaki Koka, Rascal Jester, Japan,Support
Meron,Kiichi Watanabe, Rampage, Japan,AD
Mueki,Kento Ojima, Team BlackEye, Japan,Mid
Mugoon,Ryo Sameshima, Team BlackEye, Japan,Mid
NoA,Shunya Honda, Team BlackEye, Japan,Support
Nororin,Naoki Niimi, DetonatioN FocusMe, Japan,AD
Paz,Shirou Sasaki, Rampage, Japan,Top
Rainbrain,Shin Iwasaki,, Japan,Jungler
Razer,Hiroaki Nagasima, 7th heaven, Japan,Sub
RhythmAsalt,Masaya Yamauchi, Team BlackEye, Japan,AD
Riosilva,Kensaku Nakamoto,, Japan,Support
Rkp,Rikiya Yuasa, Rascal Jester, Japan,AD
Roki,Hiroki Yokoo, Rampage, Japan,Mid
Ryavka,Yusuke Hagimoto, Team BlackEye, Japan,Mid
Scotty,Yasuhiro Konaka, Rascal Jester, Japan,Mid
Serick,Masato Hidaka, Team BlackEye, Japan,Jungle
Shinmori,Sho Shinmori, 7th heaven, Japan,Mid
Sweet,Ryota Murakami,, Japan,Mid
Tei,Suzuto Shimizu, Rampage, Japan,Mid
ThintoN,Junya Matsuoka, 7th heaven, Japan,Support
Toshibu,Tosiyasu Tamura,, Japan,Top
Yoshiaki,Yoshiaki Matsuura, Team BlackEye, Japan,Support
Yoshiaki3110,Yoshiaki Saito, 7th heaven, Japan,Jungler
Yumenoti,Soizumi Ryuki, DetonatioN FocusMe, Japan,Sub
Yunn,Yuki Doi,, Japan,Top
Yutapon,Yuta Sugiura, DetonatioN FocusMe, Japan,Top
YutoriMoyashi,Yuta Noguchi, 7th heaven, Japan,AD
Zerost,Shotaro Ikeda, DetonatioN FocusMe, Japan,AD
Bebe,Friedrich Knaub, RoX,Kazakhstan,Mid
Blasting,Daniel Kudrin, Team Just, Latvia,AD
Alunir,Gediminas Navakauskis,, Lithuania,Jungler
Angush,Aurimas Gedvilas,, Lithuania,Top
DeadlyBrother,Edas Vasiliauskas, Team Ultra Vires, Lithuania,AD
DoubleG,Giedrius Dagys,, Lithuania,AD
Extinkt,Vytautas M_linauskas, Team ROCCAT, Lithuania,Support
Gliukoze,Klaidas Navakas,, Lithuania,Top
Inspirro,Mykolas Mork_nas,, Lithuania,Support
Karalius,Tomas _piliauskas,, Lithuania,Support
Mazzerin,D_iugas Rep_ys,, Lithuania,Mid
Nbs,Laurynas Kisielius,, Lithuania,Top
Prepared,Josvaldas Inta,, Lithuania,Support
Ritix,Rytis Lekstutis, Copenhagen Wolves, Lithuania,AD
Saulius,Saulius Luko_ius, Natus Vincere.CIS, Lithuania,Mid
Sleper,Algirdas Saliamonas,, Lithuania,AD
Strategas,Mindaugas Dirs_,, Lithuania,AD
Jinsh,Xiao Zhou Gilles Chen,,Luxembourg,Mid
KuKu,Lam Ka Fu (___), COUGAR E-Sport, Macao,Mid
SEnG,Wong Ka Sing (___),, Macao,Mid
13Ghost,Jasper Tan Kah Guan, Kuala Lumpur Hunters, Malaysia,Top
Betsy,Felix Edling, Team ROCCAT, Malaysia,Mid
BooBoo,Lim Jia Hao,, Malaysia,Support
Camou,Matthew Chan Kuok-Han,, Malaysia,Support
CoolKitty,Joseph Lim Ken Zhen, Kuala Lumpur Hunters, Malaysia,AD
Demon,Randolph Turkington,, Malaysia,Top
Donmuri,Muhammad Dini bin Johari,, Malaysia,Jungler
Epyonz,Leon Goh Cing Hong,, Malaysia,Jungler
Fappy,Darryl Lim,, Malaysia,Support
GoldeNz,Chaw Khing Mun,, Malaysia,Mid
Hagane,Soon Liang Shin,, Malaysia,Support
JaeYoongJo,Jason Yoong, Dulcet Essence, Malaysia,AD
Koala,Chan Roonghan,, Malaysia,Support
Mashiro,Solomen Cheah Wee Seong,, Malaysia,AD
MoNk3yz,Ong Boon Yang,, Malaysia,Top
OzoraVeki,Poon Kok Sing, Kuala Lumpur Hunters, Malaysia,Mid
QaspieL,Sia Sze Pin, Kuala Lumpur Hunters, Malaysia,Support
Ribena,Joshua Chan Mun Wei, Dulcet Essence, Malaysia,Jungler
SOUPerior,Calvin Yang, Kuala Lumpur Hunters, Malaysia,Support
Shernfire,Shern Tai, Dream Team, Malaysia,Jungler
Shu,Atuf Aimullah, Mystic Gaming, Malaysia,Support
Stray,Wayne Lee Jo Wein,, Malaysia,Jungler
SwaGz,Alex Keoh Han Chuan,, Malaysia,Top
Swak,Harsewak Singh, Dulcet Essence, Malaysia,Top
Virtuous,Lew Ern Hsien,, Malaysia,AD
XXF,Soon Yin Fong,, Malaysia,Jungler
Xare,Jonathan Chan Mun Shum, Dulcet Essence, Malaysia,Mid
1an,Ian Espinosa, Galactic Gamers, Mexico,AD
Cris,Cristian Rosales, Apex Gaming, Mexico,Top
DCStar,Carlos Mendez, Havoks Gaming, Mexico,Mid
Fearless,Alvaro Menendez,, Mexico,Sub
Genre,Gerardo Gonzalez,, Mexico,Mid
H4ckerv2,Gustavo Leyva,, Mexico,Jungler
Jirall,Daniel del Castillo, Lyon Gaming, Mexico,Top
LiquidDiego,Diego Padilla, Havoks Gaming, Mexico,Jungler
NerzhuL,Jorge Ivan Meza, Galactic Gamers, Mexico,Support
Porky,Gerardo Alonso, Havoks Gaming, Mexico,Top
Rhopercy,Armando Argüelles, Satori, Mexico,Support
Seiya,Ali Bracamontes, Lyon Gaming, Mexico,AD
Snowman,Raúl Portales, Team C3, Mexico,Top
Tarzán,Fernando Mora, Tesla E-Sports, Mexico,Jungle
Thyak,Marcelo Ramones, Lyon Gaming, Mexico,Jungler
UrekMazino,Daniel Carbajal,, Mexico,Top
LeX,Alexei Kitsak, Gambit.CIS, Moldova,AD
Agronar,Christopher Verkroost,,Netherlands,Support
Akayso,Colin Cohen,,Netherlands,Mid
Alibabba,Eelco Poelstra,,Netherlands,Support
Broeder,Jacco Broeder, LowLandLions.Fire,Netherlands,Jungler
CozQ,Sofyan Rechchad,,Netherlands,Mid
Crazycaps,Andy Walda,,Netherlands,AD
Duplience,Cane Lagerwaard,,Netherlands,Mid
Febiven,Fabian Diepstraten, Fnatic,Netherlands,Mid
Hybrid,Glenn Doornenbal, G2 Esports,Netherlands,Support
Kadir,Kadircan Mumcuo_lu, Imperial Esports,Netherlands,Jungler
Killwar,Niels Van Baal,,Netherlands,AD
Kirei,Thomas Yuen, Team Dignitas,Netherlands,Jungler
LoordN,Nisjaat Sheik Joesoef,,Netherlands,Support
Masterwork,Casper Van Kampen, Millenium,Netherlands,Support
Metalx,Tom Latour,,Netherlands,AD
Morsu,Bram Knol, SK Gaming,Netherlands,Top
Phoonie,Jimmy Roovers,,Netherlands,AD
Pride,Milo Wehnes, Giants Underdoges,Netherlands,Jungle
Shook,Ilyas Hartsema, Team Vitality,Netherlands,Jungler
Slyv3r,Job Goossens, Enigma Esports,Netherlands,AD
Sneaky,Chris Esser,,Netherlands,AD
Tabzz,Erik van Helvert, Team ROCCAT,Netherlands,AD
Tarzan,Stijn Neomagus,,Netherlands,Jungler
Vizility,Jeffrey de Vries, Splyce,Netherlands,AD
YoungBuck,Joey Steltenpool, G2 Esports,Netherlands,Coach
Zeriouz,Bart Ploegmakers,,Netherlands,Top
Blinky,Myles Irvine, Alpha Sydney, New Zealand,
Chelby,Bradley Williams, Avant Garde, New Zealand,Jungler
Chippys,Ryan Short, Sin Gaming, New Zealand,Top
Jakattack,Jack Gifford, Infernum Gaming, New Zealand,Top
Magzilla,Avindu Kalansuriya,, New Zealand,Top
Pacman,Zachary Bayne, Trident Esports, New Zealand,Top
Saiclone,Jonny Weatherly, Alpha Sydney, New Zealand,Coach
Shiny,Jack Wright, Sudden Fear, New Zealand,AD
Denden,Dennis Bui, Dark Passage, Norway,Support
Energy,Isak Pettersen Fjell, nDurance Gaming, Norway,Mid
Hatrixx,Jørgen Elgåen, HWA Gaming, Norway,Mid
K0u,Tri Tin Lam, Copenhagen Wolves, Norway,Jungler
Nukeduck,Erlend Våtevik Holm, Team Vitality, Norway,Mid
Touch,Omid Rosander, nDurance Gaming, Norway,Support
XSWRD,Ruben Smith, Tesla E-Sports, Panama,Top
Kid Cudi,Daniel Garayo,, Paraguay,Support
Arce,Diego Arce Chang, Lyon Gaming, Peru,Support
Calachin,Luis Jimenez Garcia,, Peru,Support
FraGio,Giovanne Huamán Garcia,, Peru,Jungler
Guishe,Guillermo Cárdenas, Revenge eSports, Peru,Top
ILove,Edinson Jesús Calderón, Tesla E-Sports, Peru,Mid
Kucho,Víctor Rodríguez,, Peru,Support
Oddie,Sebastian Alonso Niño Zavaleta, Galactic Gamers, Peru,Jungler
Astarte,Judge Gideon Cruz, Team IMBA.PH,Philippines,Mid
CED,Cedrick Daez, Mineski,Philippines,Sub
Chock,Marvin Mansilungan,,Philippines,Sub
Ebaaaan,Evan Amatong,,Philippines,AD
Ethan,Ethan Amatong,,Philippines,Top
Exo,Eric Allen Gubatan, Mineski,Philippines,AD
Haith,Josef Adrian Cabero, Imperium Pro Team,Philippines,AD
Hero,Jordan Pamintuan, Imperium Pro Team,Philippines,Top
JLC,Jaiby Paglingayen, Imperium Pro Team,Philippines,Top
Kaigu,Jon Lance Hernandez, Mineski,Philippines,Support
Kulit,James Calumpag, Mineski,Philippines,Jungler
Light,Roybie Segovia, Imperium Pro Team,Philippines,Mid
Meme,Merril dela Cruz,,Philippines,Jungler
Naaage,Egan Amatong,,Philippines,Mid
Noel,Noel Cruz, Mineski,Philippines,Jungler
Otchie,Robert Conrad Pascual,,Philippines,AD
PF,Pacifico Froilan Pallasigui,,Philippines,
Porky,Nikolo Tayag, Avant Garde,Philippines,Top
Poysanity,Jesse Florence Hieras, Imperium Pro Team,Philippines,Support
Rebengga,Kurt Cristobal, Imperium Pro Team Blue,Philippines,Jungler
Shadow,Rogie DelaCruz, Imperium Pro Team,Philippines,Support
Shura,Mark Eddyson Ladrera,,Philippines,Support
Skill,Ken Garcia,,Philippines,Jungler
Snoy,Elijah Joshua Guerrero, Imperium Pro Team,Philippines,Top
Stronger,Ronel Flores Tan,,Philippines,Jungler
Tgee,Gerald Gianne Gelacio, Mineski,Philippines,Top
Trebor,Robert Dan Mansilungan,,Philippines,Jungler
VYY,Neil Cedric San Juan,,Philippines,AD
Vileroze,Judan Hipolito Royeca,,Philippines,Mid
Xmithie,Jake Puchero, Counter Logic Gaming,Philippines,Jungler
Yukz,Yuuki Tsuchiya, Imperium Pro Team Blue,Philippines,Top
Yume,Danyll Jann Balisi, Mineski,Philippines,Mid
ZNS,Jyro Pascual, Mineski,Philippines,AD
Abaria,Bogus_aw Dobryniewski, Dark Passage, Poland,Mid
Alvado,Pawe_ Kami_ski,, Poland,Jungler
ArQuel,Krzysztof Sau_,, Poland,Top
Babunia,Bartosz Dzikowski,, Poland,Jungler
Celaver,Pawe_ Koprianiuk,, Poland,AD
Cinku,Marcin Marczak,, Poland,Support
Cortar,Micha_ Zobniów, E-corp Gaming, Poland,Jungler
Creaton,Jakub Grzegorzewski, Illuminar Honor Gaming, Poland,AD
Crykee,Pawe_ St_pie_,, Poland,AD
Czaru,Krystian Przybylski,, Poland,Mid
DeIord,Pawe_ Szabla, Illuminar Honor Gaming, Poland,Support
Dedrayon,Filip Romejko,, Poland,Jungler
ERot1c,Mateusz Kurdasi_ski,, Poland,Jungler
Eberkazak,Mateusz Str_k, E-corp Gaming, Poland,AD
Elendix,Miko_aj Wyspia_ski,, Poland,Support
Grom,Mateusz Klimaszewski,, Poland,Support
HosaN,Eryk Wilczynski,, Poland,AD
IMba,_ukasz Dusza,, Poland,AD
IceBeasto,Marcin Lebuda, E-corp Gaming, Poland,Top
Ismaro,Pawe_ Szpr_cel,, Poland,Support
Jankos,Marcin Jankowski, H2k-Gaming, Poland,Jungler
Jokieez,Mateusz Karczewski, Team ROCK, Poland,Top
Kikis,Mateusz Szkudlarek, G2 Esports, Poland,Top
Koi,Jakub Nowicki, Kulturalni Zawodnicy, Poland,Top
KonDziSan,Konrad Sopata, NumberOne Esports, Poland,Jungler
KubYD,Jakub Grobelny, E-corp Gaming, Poland,Support
Kubon,Jakub Turewicz, Illuminar Honor Gaming, Poland,Top
Leofromkorea,_ukasz Mirek,, Poland,Support
Libik,Marek Kr_giel,, Poland,Support
Makler,Marek Kukier,, Poland,AD
Mokatte,Konrad Kukier,, Poland,Jungler
Mystiques,Patryk Piórkowski, Illuminar Honor Gaming, Poland,Support
NiQ,Sebastian Robak,, Poland,Mid
Nzq,Robert Burczyk,, Poland,AD
Omnibrag,Arkadiusz Szwarcer,, Poland,Support
Overpow,Remigiusz Pusch, Illuminar Honor Gaming, Poland,Mid
Owen,Daniel Durzynski,, Poland,Mid
Puki style,_ukasz Zygmunciak,, Poland,AD
Ravenno,Michal Owczarski, Imperial Esports, Poland,Mid
Raxxo,Oskar Bazydlo, Vaevictis eSports, Poland,Support
SELFIE,Marcin Wolski, Echo Fox, Poland,Mid
Sebekx,Sebastian Smejkal, mousesports, Poland,Mid
Shushei,Maciej Ratuszniak,, Poland,Mid
SlodkaPanda,Piotrek Pacelik,, Poland,Support
SuperAZE,Piotr Prokop,, Poland,Support
T4nk,Karol Slomka,, Poland,Jungler
Tabasko,Wojciech Kruza, Illuminar Honor Gaming, Poland,Jungler
TakeFun,Rafa_ Górniak,, Poland,Mid
Tantrum,Damian Klimczak,, Poland,AD
Tars,Kamil Szypcio, E-corp Gaming, Poland,Mid
Unknown,Marcin Kubicki,, Poland,Top
VandeR,Oskar Bogdan, H2k-Gaming, Poland,Support
Wodziak,Dawid Kryczka, Gunwa, Poland,Jungler
Woolite,Pawe_ Pruski,, Poland,AD
Xaxus,Marcin Maczka,, Poland,Top
Xayoo,Marcin Majkut,, Poland,Jungler
Hmmer,Hector Amador,, Portugal,AD
Kepe,Pedro Ferreira, K1ck Black, Portugal,AD
LeChase,António Ramalho, K1ck Black, Portugal,Jungler
Maniaku,José Ferreira, For The Win eSports, Portugal,Support
Meduza,Guilherme Ferreira Somsen,, Portugal,Mid
Rhuckz,Rúben Barbosa, K1ck Black, Portugal,Support
Sun of dragon,Manuel Cortes Pereira Belchior de Sousa, For The Win eSports, Portugal,Mid
TheKepe,Pedro Guilherme Nunes Ferreira, For The Win eSports, Portugal,AD
Truklax,Alexandre Nascimento, K1ck Black, Portugal,Top
Xico,Francisco Cruz, K1ck Black, Portugal,Mid
Anti,Edward Rosario,, Puerto Rico,Top
Harm,Fernando Rivera,, Puerto Rico,Mid
Idiovishus,Jose Cordero,, Puerto Rico,Jungler
Kraki,Juan Carlos Muñoz, Lyon Gaming, Puerto Rico,Support
Manu,Manuel Villa, BrawL.LAN, Puerto Rico,AD
Pedro,Pedro,, Puerto Rico,Top
Yogi,Bryant Burgos,, Puerto Rico,Support
AoD,Baltat Alin,, Romania,Support
Odoamne,Andrei Pascu, H2k-Gaming, Romania,Top
Alex Ich,Alexey Ichetovkin, Team Dragon Knights, Russia,Mid
Antariys,Vladislav Smorodin, Team Just, Russia,Support
Archie,Vyacheslav Egorov, Gambit.CIS, Russia,Support
BlorN,Dmitriy Lyubchich,, Russia,Top
Darien,Evgeny Mazaev,, Russia,Top
Darker,Andrey Plechistov,, Russia,Support
Dayruin,Boris Sherbakov, Team Differential, Russia,AD
Diamondprox,Danil Reshetnikov, Unicorns Of Love, Russia,Jungler
DimaJke,Dmitrii Gushcha, RoX, Russia,Jungler
Dimonko,Dmitrii Korovushkin, Team Just, Russia,Coach
Drobovik123,Evgeny Belousov, Vega Squadron, Russia,Mid
FIRees,Ivan Silantiev, RoX, Russia,Top
FlashInTheNight,Yury Shilenkov, Team Differential, Russia,Mid
Fomko,Anton Fomkin, Gambit.CIS, Russia,Mid
Gemp,Igor Axenov, Team Differential, Russia,Support
Genja,Evgeny Andryushin,, Russia,AD
Lasagna,Ilya Melkumov, Natus Vincere.CIS, Russia,Jungler
Likkrit,Kirill Malofeyev, Hard Random, Russia,Support
Marker,Mark Djakov, Team Just, Russia,Mid
MirrorEnd,Andrey Sinyavin,, Russia,Jungler
Neiman,Sergey Lashevskiy, Team Just, Russia,Jungler
Neon,Vladislav Zelinskiy,, Russia,AD
NoNholy,Aleksandr Ovchinikov, Vega Squadron, Russia,Top
Piter Pokir,Victor Pachkunov, Vaevictis eSports, Russia,Mid
Punisher,Nikita Lavrinov,, Russia,Jungler
Ques,Roman Generalov, Team Just, Russia,Top
SKasH,Arthur Ermolaev, Natus Vincere.CIS, Russia,Support
SaNTaS,Aleksandr Lifashin, Team Empire, Russia,Support
Smurf,Dmitri Ivanov, Hard Random, Russia,Top
Starscream,Valentin Zimakov, RoX, Russia,AD
Symphony,Aleksey Tyunin, Vaevictis eSports, Russia,Jungler
Tauren,Igor Titov, Vega Squadron, Russia,AD
VincentVega,Egor Medvedev, Natus Vincere.CIS, Russia,AD
ZakCanFly,Dmitri Kulikin, Vaevictis eSports, Russia,Top
Zanzarah,Nikolai Akatov, Vega Squadron, Russia,Jungler
Sa1na,Milo_ _ainovic,, Serbia,AD
Ataraxia,Guo Yong, Thirsty Chinchillas, Singapore,Top
BBTY,Chua Kim Han Wayne, Impunity Legends, Singapore,Jungler
BeNw,Benjamin Wah,, Singapore,Top
Birdy,Liaw Zhi Yong, Vestigial, Singapore,Sub
CHARMANDERBOT,Zhou Jia, Vestigial, Singapore,Top
Chawy,Wong Xing Lei, ahq e-Sports Club, Singapore,Mid
CrazyPine,Bala Lew Jen Wei, Panda Cub Hugging Club, Singapore,Support
CwEiJiE,Wee Kiat, Insidious Gaming Rebirth, Singapore,Jungler
DDan,Daniel Lua Pin Ren, Impunity Legends, Singapore,Jungler
Ease,Royce Tang, Nyan Zone, Singapore,Mid
EquivocaL,Baldwin Sai Heng Sheng, Exgs, Singapore,Sub
Floda,Gary Koh, Insidious Gaming Rebirth, Singapore,Mid
HaRleLuYaR,Jason Koh Wei Hao, Vestigial, Singapore,Sub
Hyhy,Benedict Hanyong Lim, Singapore Sentinels, Singapore,Mid
Kailing,Romulus Tham Yuan Xing,, Singapore,Sub
Keisama,Keith Zheng Nian Kai, Dulcet Essence, Singapore,Support
Kryonics,Fan Kai, Exgs, Singapore,Top
Kuremento,Clement Chan Yew Cheong, Team Proioxis, Singapore,Jungler
Ly4ly4ly4,Lim Yang, Vestigial, Singapore,Sub
Microlatios,Barry Ng, Panda Cub Hugging Club, Singapore,Jungler
Miss V,Victoria Lok,, Singapore,Support
MooN,Ow Yang Jian Hao, Kuala Lumpur Hunters, Singapore,Jungler
PandaPaws,David Chua, Panda Cub Hugging Club, Singapore,Mid
PessChap,Darren Toh, Thirsty Chinchillas, Singapore,AD
Rune,Jordan Lum, Vestigial, Singapore,Jungler
Shinya,Alex Tok Zhong En, Insidious Gaming Legends, Singapore,Mid
Skarm,Chua Jia Jun, Impunity Legends, Singapore,Support
SnipeRC,Richard Chew Jun Wei, Team Fat Rabbit, Singapore,Top
ToFu,Joshua Tan Jun Liang, Insidious Gaming Rebirth, Singapore,Top
Valkyrie,Marcus Ko, Vestigial, Singapore,AD
Vech,Tan Jun Yi,, Singapore,Top
Vera,Alvin Ang, Insidious Gaming Rebirth, Singapore,Support
Windowlicka,Wong Wenkai Ryan, Team Fat Rabbit, Singapore,Jungler
Wrath,Shawn Lim Kang Hock, Team Proioxis, Singapore,Top
Xephalon,Benjamin Lim, Vestigial, Singapore,Sub
Zappy,Lim Zhi Ping, Impunity Legends, Singapore,Support
LouGi,Luká_ Bala_evi_,, Slovakia,Jungler
Miah,Vladimír _ur_ík, Team Mistral, Slovakia,Mid
DiqozoY,Dejan Komocar,, Slovenia,AD
Kektz,Bor Jer_an,, Slovenia,Top
5gamdo,Do Hyung-rok (___),, South Korea,AD
ADD,Kang Geon-mo (___), MVP, South Korea,Top
Ace,Kim Ji-hoon (___),, South Korea,Mid
Acorn,Choi Cheon-ju (___), LGD Gaming, South Korea,Top
Alvingo,Choi Byung-cheol (___),, South Korea,Mid
Ambition,Kang Chan-yong (___), Samsung Galaxy, South Korea,Jungler
Amel,Kim Nam-hun (___), Energy Pacemaker.All, South Korea,Jungler
Angel,Kim Kyeong-won (___),, South Korea,Mid
Apdo,Jeong Sang-gil (___),, South Korea,
Apple,Jeong Cheol-woo (___),, South Korea,Top
Ares,Kim Min-kwon (___), Ever, South Korea,Jungler
Arrow,No Dong-hyeon (___), KT Rolster, South Korea,AD
Ashart,Kim Sung-hoon (___),, South Korea,Support
Athena,Kang Ha-woon (___), EDward Gaming, South Korea,Mid
Avalon,Shin Dong-hyeon (___),, South Korea,Top
BBuing,Lee In-yong (___), MKZ, South Korea,Jungler
BELIEVE,"Woo ""Samuel"" Sung-ha (___)", Sentinels ESC, South Korea,Support
Baby Hyuna,Oh Hyeon-ah (___), Incredible Miracle Athena, South Korea,AD
BaeMe,Kang Yang-hyun (___), EDward Esports, South Korea,Mid
Bang,Bae Jun-sik (___), SK Telecom T1, South Korea,AD
Bdd,Gwak Bo-seong (___), CJ Entus, South Korea,Mid
Beast,Kim Joo-hyun (___), Dark Wolves, South Korea,Jungler
Bengi,Bae Seong-woong (___), SK Telecom T1, South Korea,Jungler
BetKyo,Lee Seung-min (___), MKZ, South Korea,AD
Beyond,Kim Kyu-seok (___), MVP, South Korea,Jungler
Bing,Han Gi-hyeon (___), ShowTime, South Korea,AD
Bischu,Aaron Kim, Team Dragon Knights, South Korea,Support
Blanc,Jin Seong-min, Jin Air Green Wings, South Korea,Mid
Blank,Kang Sun-gu (___), SK Telecom T1, South Korea,Jungler
BlisS,Park Jong-won (___), Apex Gaming, South Korea,Coach
Bomb,Beom Park (__), Hellions e-Sports Club, South Korea,Mid
BoriSal,Kim Yeong-hoon (___), Qiao Gu Reapers, South Korea,Mid
Bory,Lee Seong-yun (___), Prime Clan, South Korea,AD
Bubbling,Park Jun-hyeong (___), CJ Entus, South Korea,Jungler
Bust,Lee Han-kil (___),, South Korea,Sub
CYNE,Hwan Jae-kun (___),, South Korea,
CaNdy,Kim Seung-ju (___),, South Korea,Mid
Cain,Jang Nu-ri (___), CJ Entus, South Korea,Coach
CaliTrlolz,Steven Kim,, South Korea,Top
Cannot,Park Gwang-gi (___),, South Korea,Top
Captain Korea,"Jong-won ""Justin"" Bae (___)",, South Korea,Mid
Catch,Yun Sang-ho (___), DetonatioN FocusMe, South Korea,Jungler
ChaResh,Cha In-myeong (___),, South Korea,Support
Chaser,Lee Sang-hyun (___), Longzhu Gaming, South Korea,Jungler
Chei,Choi Sun-ho (___), Jin Air Green Wings, South Korea,Support
Chicken,Choi Jae-woo (___),, South Korea,Mid
CloudTemplar,Lee Hyun-woo (___),, South Korea,Jungler
Clowz,Moon Jun-Seok (___), Young Miracles, South Korea,Top
CoCo,Shin Jin-yeong (___), Longzhu Gaming, South Korea,Mid
Comet,Im Hye-seong (___),, South Korea,Support
Cookie,Byeong Kook-choi (___), Hellions e-Sports Club, South Korea,Jungler
Core JJ,Jo Yong-in (___), Samsung Galaxy, South Korea,AD
Corn,Hong Jae-hee, Rascal Jester, South Korea,Support
Cornsalad,Lee Sang-jung (___),, South Korea,Mid
Cpt Jack,Kang Hyung-woo (___), Longzhu Gaming, South Korea,AD
Crash,Lee Dong-woo (___), Longzhu Gaming, South Korea,Jungler
Crazy,Kim Jae-hee (___), Ever, South Korea,Top
Crown,Lee Min-ho (___), Samsung Galaxy, South Korea,Mid
Crush,Kim Jun-seo (___), Kongdoo Monster, South Korea,Jungler
Cry,Hae Sung-min (___), ROX Tigers, South Korea,Mid
CuVee,Lee Seong-jin (___), Samsung Galaxy, South Korea,Top
CvMax,Kim Dae-ho (___),, South Korea,Top
Dade,Bae Eo-Jin (___), Qiao Gu Reapers, South Korea,Mid
Dan,Kim Seung-hoo (___),, South Korea,AD
DanDy,Choi In-kyu (___), Vici Gaming, South Korea,Jungler
Dara,Jeon Jeong-hoon (___), Rampage, South Korea,Support
Dart,Jin Jae-seung (___), Dream Team, South Korea,Top
DayDream,Kang Kyung-min (___),, South Korea,Jungler
DeC,Choi Hyun, Team BlackEye, South Korea,Support
Deft,Kim Hyuk-kyu (___), EDward Gaming, South Korea,AD
Destiny,Lee Jae-hoon (___),, South Korea,Support
Do it,Lee Chan-ho (___), Team Dragon Knights, South Korea,Mid
Dodo8,Kang Jun-hyeok (___), Immortals, South Korea,Manager
Doinb,Kim Tae-sang (___), Qiao Gu Reapers, South Korea,Mid
Dokgo,Kim Gyeong-tak (___), SK Gaming, South Korea,Jungler
Drizzle,Kim Jae-hyun (___),, South Korea,Jungler
Duke,Lee Ho-seong (___), SK Telecom T1, South Korea,Top
Easyhoon,Lee Ji-hoon (___), Vici Gaming, South Korea,Mid
Edge,Lee Ho-seong (___), Kongdoo Monster, South Korea,Mid
Ella,Kwak Na-hoon (___), Snake eSports, South Korea,Support
Emboob,Kim Joon-seob (___),, South Korea,AD
Emperor,Kim Jin-hyun (___), G2 Esports, South Korea,AD
Eryuk,Yoon Seung-taek (___),, South Korea,Jungle
Eternal,Han Gi-hun (___), DetonatioN FocusMe, South Korea,Support
Eve,Seo Jun-cheol (___), Apex Gaming, South Korea,Jungler
Expect,Ki Dae-han (___), 2144 Gaming, South Korea,Top
Expession,Koo Bon-taek (___), Longzhu Gaming, South Korea,Top
FDT,Kim Tae-hee (___),, South Korea,Mid
FLahm,Kim Ju-ho (___),, South Korea,Support
Faaa,Choi Jae-hoon (___), Team Proioxis, South Korea,Support
Faker,Lee Sang-hyeok (___), SK Telecom T1, South Korea,Mid
Fascinate,Kim Dong-gyu (___), NEB, South Korea,Mid
Fencer,Choi Sung-won (___), Team Turquality, South Korea,Top
FeniX,Kim Jae-hun (___), Team Liquid, South Korea,Mid
Fixer,Jung Jae-woo (___),, South Korea,Support
Flame,Lee Ho-jong (___), Longzhu Gaming, South Korea,Top
Flawless,Sung Yeon-jun (___), SBENU Sonicboom, South Korea,Jungler
Fly,Kim Sang-chul (___), Royal Never Give Up, South Korea,Coach
Fly,Song Yong-jun (___), KT Rolster, South Korea,Mid
Forget Me Not,Jung Hye-ryeong (___), Incredible Miracle Athena, South Korea,Mid
Frolic,Jeong Jun-gu (___),, South Korea,Support
Frozen,Kim Tae-il (___), Longzhu Gaming, South Korea,Mid
Fury,Lee Jin-yong (___), Longzhu Gaming, South Korea,AD
GBM,Lee Chang-seok (___), NRG eSports, South Korea,Mid
GDeveloper,Kwon Jun-hyuk (___),, South Korea,AD
GalB,Joo Hyup-lee, Rascal Jester, South Korea,Jungle
Gamsu,Noh Yeong-jin (___), Fnatic, South Korea,Top
Garnet,Min Kyung-hwan (___),, South Korea,Jungler
Ggoni,Oh Jin-woo (___),, South Korea,Support
Ggoong,Yu Byeong-jun (___), ZTR Gaming, South Korea,Mid
Ghost,Jang Yong-jun (___), CJ Entus, South Korea,AD
GimGoon,Kim Han-saem (___), Energy Pacemaker.All, South Korea,Top
GodFather,Jung Seong-Jae (___),, South Korea,Support
GorillA,Kang Beom-hyeon (___), ROX Tigers, South Korea,Support
Gosu,Sin Hyeok (__), Hyper Youth Gaming, South Korea,Mid
GuGer,Kim Do-yeop (___), Kongdoo Monster, South Korea,Support
Gunza,Jung Gun-hee (___),, South Korea,Support
H0R0,Cho Jae-hwan (___), Unicorns Of Love, South Korea,Jungler
HW4NG,Hwang Young-sik (___), Rascal Jester, South Korea,Mid
Habom,Kim Seok-Joon (___),, South Korea,Support
Hachani,Ha Seung-chan (___), KT Rolster, South Korea,Sub
Han,Ma Han-suk (___),, South Korea,Top
Heart,Lee Gwan-hyung (___), LGD Gaming, South Korea,Coach
Heartbeat,"Sung Moo ""Peter"" Lim",, South Korea,Support
HeavenTime,Simon Jeon,, South Korea,Support
Helios,Shin Dong-jin (___),, South Korea,Jungler
Helper,Kwon Yeong-jae (___), Samsung Galaxy, South Korea,Top
Hermes,Kim Kang-hwan (___),, South Korea,AD
Hipo,Suk Hyun-jun (___), Kongdoo Monster, South Korea,Top
Hiro,Lee Woo-suk (___),, South Korea,
Hoglet,Kim Gwong-hyeop, Dream Team, South Korea,Jungler
Hojin,Lee Ho-jin (___),, South Korea,Jungler
Homme,Yoon Sung-young (___), Vici Gaming, South Korea,Coach
HooN,Kim Nam-hoon (___), Team WE, South Korea,
Huni,Heo Seung-hoon (___), Immortals, South Korea,Top
Ian,An Jun-hyeong (___), MVP, South Korea,Mid
IgNar,Lee Dong-geun (___),, South Korea,Support
Ikssu,Jeon Ik-soo (___), Afreeca Freecs, South Korea,Top
Imp,Gu Seung-bin (___), LGD Gaming, South Korea,AD
Impact,Jung Eon-yeong (___), NRG eSports, South Korea,Top
InSec,Choi In-seok (___), Royal Never Give Up, South Korea,Jungler
Irean,Heo Yeong-cheol (___),, South Korea,AD
Jaewon,Christopher Chung,, South Korea,Support
Jinoo,Lim Jin-woo (___), LGD Gaming, South Korea,Top
Joono,Won Jun-ho (___), ShowTime, South Korea,Jungler
KaKAO,Lee Byung-kwon (___), Wan Yoo, South Korea,Jungler
Kady,Kim Dong-un (___),, South Korea,Mid
KangQui,Kang Sung-hyun (___),, South Korea,Top
KeY,Kim Han-gi (___), Ever, South Korea,Support
Keane,Lae-Young Jang, Apex Gaming, South Korea,Mid
Kevin,Lee Sang-jun (___),, South Korea,Mid
Kfo,Park Jeong-hun (___), Echo Fox, South Korea,Top
Khan,Kim Dong-ha (___), Newbee Young, South Korea,Top
Kish,Kim Beom-seok (___),, South Korea,Support
KkOma,Kim Jung-gyun (___),, South Korea,Coach
Kkyul,Jeong Myeong-su (___),, South Korea,Support
Knight,Lee Geon,, South Korea,Mid
KonKwon,"Koo Hyuk ""Kevin"" Kwon (___)", NRG eSports, South Korea,Support
Kramer,Ha Jong-hun (___), CJ Entus, South Korea,AD
KurO,Lee Seo-haeng (___), ROX Tigers, South Korea,Mid
Kuzan,Lee Seong-hyeok (___), Jin Air Green Wings, South Korea,Mid
Kyle,Seo Ji-seon (___),, South Korea,Mid
LOL Bunny,Lee Su-min (___), Incredible Miracle Athena, South Korea,Top
Lasha,Kwon Min-woo (___),, South Korea,Support
Lazarus,Seong Sang-hyeon (___), Masters 3, South Korea,Sub
Leon,Yeom Do-sun (___),, South Korea,Jungler
Lilac,Jeon Ho-jin (___),, South Korea,Top
Limit,Ju Min-gyu (___),, South Korea,Top
LinLan,Ho Jin-sup (___),, South Korea,Support
Lindarang,Heo Man-heung (___), Afreeca Freecs, South Korea,Mid
Lira,Nam Tae-yoo (___), Afreeca Freecs, South Korea,Jungler
Livy,Cha No-a (___),, South Korea,Support
Locodoco,Choi Yoon-sup (___), Team Liquid, South Korea,Coach
LokeN,Lee Dong-wook (___), Ever, South Korea,AD
LongPanda,Kim Yoon-jae (___),, South Korea,Top
Looper,Jang Hyeong-seok (___), Royal Never Give Up, South Korea,Top
Losys,Shin Sang-hyuk (___),, South Korea,AD
Luna,Jang Kyung-ho (___),, South Korea,Support
Lustboy,Ham Jang-sik (___), Longzhu Gaming, South Korea,Coach
MOKUZA,Kim Dae-woong (___),, South Korea,Coach
MaHa,Oh Hyun-sik (___), MVP, South Korea,AD
MaRin,Jang Gyeong-Hwan (___), LGD Gaming, South Korea,Top
Mad,Park Sang-duk (___),, South Korea,AD
MadLife,Hong Min-gi (___), CJ Entus, South Korea,Support
Mafa,Won Sang-yeon (___), Invictus Gaming, South Korea,Coach
MakNooN,Yoon Ha-woon (___),, South Korea,
ManyReason,Kim Seung-min (___),, South Korea,Mid
Marilyn,Lee Yun-sang (___), Young Miracles, South Korea,Jungler
Mata,Cho Se-hyeong (___), Royal Never Give Up, South Korea,Support
,,,,
Max,Jeong Jong-bin (___), MVP, South Korea,Support
May,Kang Han-wool (___),, South Korea,Top
Meruem,"Woo-seong ""Will"" Kim (___)",, South Korea,AD
Mickey,Son Young-min (___), Afreeca Freecs, South Korea,Mid
MidKing,Park Yong-woo (___), MKZ, South Korea,Support
MighTiLy,An Jeong-uk (___),, South Korea,Mid
Milk Holic,Shin Yoon-ki (___),, South Korea,
Mima,Jung Woo-gwang (___),, South Korea,Mid
Ming9,Cho Hyun-chol (___),, South Korea,Support
Move,Kang Min-su (___),, South Korea,Jungler
Murphy,Moon Ji-won (___), Winners, South Korea,Jungler
Mystic,Jin Seong-jun (___), Team WE, South Korea,AD
NK Adonis,Jo Jae-hyuk (___),, South Korea,Jungle
Nagne,Kim Sang-moon (___),, South Korea,Mid
Ninja,Noh Geon-woo (___), Renegades, South Korea,Mid
NoFe,Jeong No-chul (___), ROX Tigers, South Korea,Jungler
Nolja,Lee Hyun-jin (___),, South Korea,Jungler
NonameD,Jeon Ju-hwan (___),, South Korea,Top
Nuclear,Sin Jeong-hyeon (___), SBENU Sonicboom, South Korea,AD
Nymp,Kang Won-jun (___),, South Korea,Support
Ohq,Oh Gyu-min (___), Team Dragon Knights, South Korea,AD
OldB,Yang Seung-bin (___),, South Korea,Jungler
Olleh,Kim Joo-sung (___), Hong Kong Esports, South Korea,Support
PLL,Park Jae-gwon (___), 2144 Danmu Gaming, South Korea,Top
Paragon,Choi Hyun-il (___),, South Korea,AD
PawN,Heo Won-seok (___), EDward Gaming, South Korea,Mid
Peanut,Yoon Wang-ho (___), ROX Tigers, South Korea,Jungler
Pecko,Jeong Hui-cheol (___),, South Korea,AD
Piccaboo,Lee Jong-beom (___),, South Korea,Support
Piglet,Chae Gwang-jin (___), Team Liquid, South Korea,AD
Pilot,Na Woo-Hyung (___), Jin Air Green Wings, South Korea,AD
Pirean,Choi Jun-sik (___), Team Impulse, South Korea,Mid
Police,Park Hyeong-gi (___), Apex Gaming, South Korea,AD
PoohManDu,Lee Jeong-hyeon (___), SK Telecom T1, South Korea,Coach
PraY,Kim Jong-in (___), ROX Tigers, South Korea,AD
Prime,Yoon Du-sik (___),, South Korea,Jungler
Procxin,Kim Se-young (___), Team Impulse, South Korea,Jungler
Promise,Cheon Min-ki (___),, South Korea,AD
Pure,Kim Jin-sun (___), Longzhu Gaming, South Korea,Support
Quality,Heo Won-seok (___),, South Korea,Jungler
Raccoon,Hwang Won-jun (___),, South Korea,Jungler
Radar,Kim Hang-min (___),, South Korea,Jungler
Ragan,Im Kyung-hyun (___),, South Korea,Top
Rain,An Hyeong-uk, Invictus Gaming, South Korea,AD
Raison,Jeong Soo-bin (___), Hong Kong Esports, South Korea,AD
Raphael,Ko Jae-hyun (___), Masters 3, South Korea,Mid
RapidStar,Jung Min-sung (___), EDward Gaming, South Korea,Coach
Raven,Kim Ae-jun (___),, South Korea,Sub
Ray,Jeon Ji-won (___), EDward Gaming, South Korea,Top
Reach,Lee Joo-won (___), Team Turquality, South Korea,Jungler
Reapered,Bok Han-gyu (___),, South Korea,Coach
Reignover,Kim Yeu-jin (___), Immortals, South Korea,Jungler
Reim,Kim Jong-un (___), Incredible Miracle Athena, South Korea,Jungler
Republic,Bong Geun-tae (___), Energy Pacemaker.All, South Korea,Mid
Rewrite,Shin Jong-myung (___),, South Korea,AD
Ring Troll,Jeong Yoon-seong (___),, South Korea,Jungle
Riris,Baek Seung-min (___), Revenger, South Korea,Top
Roach,Kim Sang-hui (___), Kongdoo Monster, South Korea,Sub
Road,Yun Han-gil (___), EDward Esports, South Korea,Support
Roar,Oh Jang-won (___),, South Korea,AD
Rock,Kim Hui-chan (___),, South Korea,Top
Rokenia,Jun Young-dae (___), Hong Kong Esports, South Korea,Mid
RooKie,Song Eui-jin (___), Invictus Gaming, South Korea,Mid
Rounders,Gwang Sun-hyuk (___),, South Korea,Top
Rush,Lee Yoon-jae (___), Cloud9, South Korea,Jungler
Ryoo,Ryoo Tae-hyung (___), Hellions e-Sports Club, South Korea,Top
Ryu,Yoo Sang-ook (___), H2k-Gaming, South Korea,Mid
S0NSTAR,Son Seung-ik (___), Giants Gaming, South Korea,AD
SBS,Bae Ji-hun (___),, South Korea,AD
SSONG,Kim Sang-soo (___), ROX Tigers, South Korea,Coach
SSol,Seo Jin-sol (___), Kongdoo Monster, South Korea,AD
SSuN,Oh Yeong-gyo (___),, South Korea,Jungler
SaSin,Oh Seung-ju (___), SBENU Sonicboom, South Korea,Mid
Sangyoon,Gwon Sang-yun (___), Afreeca Freecs, South Korea,AD
Save,Baek Young-Jin (___), Young Glory, South Korea,Top
Score,Go Dong-bin (___), KT Rolster, South Korea,Jungler
Scout,Lee Ye-chan (___), EDward Gaming, South Korea,Mid
Secret,Park Ki-sun (___), SBENU Sonicboom, South Korea,Support
Seonghwan,Yoon Seong-hwan (___), Afreeca Freecs, South Korea,Jungler
Seraph,Shin Woo-yeong (___), Renegades, South Korea,Top
Shrimp,Lee Byeong-hoon (___), Apex Gaming, South Korea,Jungler
Shy,Park Sang-myeon (___), CJ Entus, South Korea,Top
Sim,Sim Sung-soo (___), Taipei Assassins, South Korea,Coach
Sin,Yeon Hyeong-mo (___), Masters 3, South Korea,Coach
Skatch,Byun Se-hoon (___), Unlimited Potential, South Korea,AD
Sky,Kim Ha-neul (___), CJ Entus, South Korea,Mid
SmallBrain,Kim Jae-sung (___),, South Korea,Support
Smeb,Song Kyung-ho (___), ROX Tigers, South Korea,Top
Smurph,Lee Tae-gyeong (___),, South Korea,Jungler
SnowFlower,No Hoi-jong (___), Afreeca Freecs, South Korea,Support
SoHwan,Kim Jun-Yeong (___), Jin Air Green Wings, South Korea,Top
SoaR,Lee Gang-pyo (___), SBENU Sonicboom, South Korea,Top
Soul,Seo Hyeon-seok (___), SBENU Sonicboom, South Korea,Top
Space,Seon Ho-san (___),, South Korea,AD
Spirit,Lee Da-yoon (___), Fnatic, South Korea,Jungler
,,,,
Ssumday,Kim Chan-ho (___), KT Rolster, South Korea,Top
StarLast,Han Jin-hui (___),, South Korea,Support
Stark,Park Min-seok (___),, South Korea,Top
Stitch,Lee Seung-ju (___), Samsung Galaxy, South Korea,AD
SuDai,Kim Sung-jin (___),, South Korea,Top
SuNo,An Sun-ho (___), SK Gaming, South Korea,Mid
SunChip,Choi Seon-whi (___),, South Korea,AP
SunRiver,Kang Tae-yang (___),, South Korea,Jungler
Sweet,Lee Eun-teak (___), Jin Air Green Wings, South Korea,Support
Swift,Baek Da-Hoon (___), Qiao Gu Reapers, South Korea,Jungler
Sylph,Lee Jae-ha (___), ROX Tigers, South Korea,Mid
T0M,Im Jae-hyeon (___),, South Korea,Jungler
TANK,Park Dan-won (___), Snake eSports, South Korea,Mid
Tatu,Lee Min-woo,, South Korea,
TcAL,Kim Ji-yong (___),, South Korea,Top
Tempt,Kang Myung-gu (___), Ever, South Korea,
The Other,Jang Jun-ho (_ __),, South Korea,AD
Thy,Son Seung-yong (___), Team Dragon Knights, South Korea,Mid
Totoro,Eun Jong-seop (___), Ever, South Korea,
TowerFury,Kim Gyu-ha (___),, South Korea,Top
TrAce,Yeo Chang-dong (___), Jin Air Green Wings, South Korea,Top
Trick,Kim Gang-yun (___), G2 Esports, South Korea,Jungler
TusiN,Park Jong-ik (___),, South Korea,Jungler
Tussle,Lee Moon-yong (___), Rampage, South Korea,Jungler
Untara,Park Ui-jin (___), CJ Entus, South Korea,Top
Valentine,Hwang Kyu-beom (___),, South Korea,Mid
Veritas,Kim Kyoung-min (___),, South Korea,AD
ViNylCat,Chae Woo-cheol (___), Kongdoo Monster, South Korea,Coach
Vin,Shin Min-jae (___),, South Korea,Jungler
Violet,Lim Doo-sung (___), MKZ, South Korea,Top
Vitamin,Lee Hyung-jun (___),, South Korea,Top
Wall,Son Chang-hoon (___),, South Korea,Support
Watch,Cho Jae-geol (___), ZTR Gaming, South Korea,Jungler
Webtoon,Lee Hyung-suk (___),, South Korea,Jungler
When Rain Falls,Kim Jae-yeol (___),, South Korea,AD
Winged,Park Tae Jin (___), Jin Air Green Wings, South Korea,Jungler
Wisdom,Kim Tae-wan (___), Giants Gaming, South Korea,Jungler
Wolf,Lee Jae-wan (___), SK Telecom T1, South Korea,Support
Woong,Jang Gun-woong (___),, South Korea,
Wraith,Kwon Ji-min (___), Samsung Galaxy, South Korea,Support
Yaong,Park Se-yeon (___), NEB, South Korea,Support
Yeji Jeong,Jeong Ye-ji (___), Incredible Miracle Athena, South Korea,Support
Yolo,Jang Hyeon-su (___), Masters 3, South Korea,Jungler
YongSoo,Gwon Yong-Su (___),, South Korea,Top
Youngbin,Jung Young-bin (___), Team Liquid Academy, South Korea,Mid
ZanDarc,Oh Chang-jong (___), KT Rolster, South Korea,Coach
Zefa,Lee Jae-min (___),, South Korea,AD
Zero,Yoon Kyung-sup (___), Team WE, South Korea,Support
Zzus,Jang Joon-soo (___), Longzhu Gaming, South Korea,Support
_ØA_,Chae Seong-yub (___),, South Korea,AD
Adryh,Adrián Pérez, H2k-Gaming, Spain,AD
Araneae,Alvar Martin Aleñar, Baskonia eSports, Spain,Coach
Babeta,Aarón Collados Bernabeu, Celerius e-Sports, Spain,Coach
BarbeQ,Ernesto Folch Casanoves, Team SalsaLoL, Spain,Coach
Carbono,Alejandro González Julián, Baskonia eSports, Spain,Jungler
DMG Hernando,"Javier ""Hernando"" Hernando Sevillano", Dimegio Club, Spain,Coach
DarkSide,Alejandro Oyonate, Team AURORA, Spain,AD
Dax,Alejandro Germain, Dimegio Club, Spain,Support
Deilor,Luis Sevilla Petit, Fnatic, Spain,Coach
Diamond,Sergio Martí, Baskonia eSports, Spain,Mid
Econatorz,Alan Hernández, OverGaming, Spain,Jungler
ElOjeteNinja,Daniel Vaquero, Atlantis eSports, Spain,Jungle
Exterminare,Juan Navarro Ricardo,, Spain,Mid
Fr3deric,Federico Lizondo,, Spain,Jungler
Homi,Adrian Moldes, Baskonia eSports, Spain,Support
Innat3,Íñigo Navarro Ibáñez, OverGaming, Spain,Top
Jer0m,Jerónimo Pujades Tárraga, Giants Underdoges, Spain,Top
JimBownz,Yon Mangas Cayetano, PainGaming, Spain,AD
Martin,Martin Hernández, Dimegio Club, Spain,AD
Miniduke,Ismael Martínez, G2 Vodafone, Spain,Mid
Mithy,Alfonso Aguirre Rodriguez, Origen, Spain,Support
Morden,Sebastián Esteban Fernández, Dragons, Spain,Top
Motroco,Mario Martínez García, x6tence, Spain,AD
Muugi,Antonio Rumbo, 34united e-Sports Club, Spain,Support
Nandisk0,Fernando Peñalba, Baskonia eSports, Spain,Top
Naruterador,Ramón Meseguer Fructuoso, xPerience eSports Club, Spain,Jungler
NeptuNo,Alberto González Molinillo, Giants Underdoges, Spain,Mid
Nixerino,Nicolas Colocho, Baskonia eSports, Spain,AD
Ocelote,Carlos Rodríguez Santiago, G2 Esports, Spain,
Rydle,Fernando Soria, NumberOne Esports, Spain,Support
Samux,Samuel Fernández Fort, Giants Underdoges, Spain,AD
Werlyb,Jorge Casanovas, Huma, Spain,Top
XPePii,Isaac Flores, Giants Gaming, Spain,Mid
XPeke,Enrique Cedeño Martínez, Origen, Spain,Mid
Alvik,Julien Adler,, Sweden,Top
Amin,Amin Mezher,, Sweden,Jungler
Baronpanda,Christoffer Storlund,, Sweden,Top
BetongJocke,Joachim Rasmussen,, Sweden,Jungler
Blumigan,Marcus Blom, Giants Underdoges, Sweden,Coach
CowTard,Viktor Stymne,, Sweden,Mid
Doris,Mattias Frisk,, Sweden,Top
Ekd,Sebastian Wilkstrom, Vaevictis eSports, Sweden,AD
El Muppo,Simon Näslund,, Sweden,Top
Farfain,Karl Wendt Höjer,, Sweden,Jungler
FatMamma,Hans Bjerhem,, Sweden,Support
Flaxxish,Olof Medin, Team Dignitas, Sweden,Top
Fluumis,Benjamin Berntsson Oldén,, Sweden,Support
Fox,Hampus Myhre, Unicorns Of Love, Sweden,Mid
G0DFRED,Oskar Lundström, Giants Gaming, Sweden,Support
Ginsu,Jonnie Hansson,, Sweden,Jungler
Goats,Robin Blixt,, Sweden,Jungler
Hjärnan,Petter Freyschuss, Team Vitality, Sweden,AD
Hulberto,Johan Johansson, H2k-Gaming, Sweden,Jungler
Hustlin,Morgan Granberg, Giants Gaming, Sweden,Support
Jree,Alexander Bergström,, Sweden,Support
Jwaow,Jesper Strandgren, PENTA Sports, Sweden,Top
Kestrel,Niklas Lindström,, Sweden,AD
Klaj,Johan Olsson, Fnatic, Sweden,Support
Kottenx,Markus Tingvall,, Sweden,Jungler
Kungen,Jesper Rundberg, H2k-Gaming, Sweden,AD
Magic,Magic Swedin,, Sweden,Coach
Malunoo,Tobias Magnusson,, Sweden,Jungler
Memento,Jonas Elmarghichi, Team Empire, Sweden,Jungler
Mimer,Mimer Ahlström,, Sweden,Coach
Mowarth,Tobias Sjunnesson,, Sweden,Jungler
Muvert,Tobias Wall-Horgen,, Sweden,Support
Pantsu,Rasmus Oberg,, Sweden,Mid
PhyssiN,Filip Claesson,, Sweden,Jungler
PottPott,Anders Larsson,, Sweden,AD
Rawbin,Robin Eggenberger, Be_ikta_.OH, Sweden,Jungler
Rekkles,Martin Larsson, Fnatic, Sweden,AD
Rudy,Rudy Beltran, Huma, Sweden,Jungler
S4mpe,Samuel Persson, Imperial Esports, Sweden,AD
Sprattel,Hampus Mikael Abrahamsson, Elements, Sweden,Support
Tiridus,Johan Sjunnesson,, Sweden,Mid
Tsibastian,Sebastian Arvidsson,, Sweden,Mid
Vardags,Pontus Dahlblom, SK Gaming, Sweden,AD
Xyraz,Gustav Blomkvist, Be_ikta_.OH, Sweden,Top
YamatoCannon,Jakob Mebdi, Splyce, Sweden,Coach
Zev3X,Daniel Piszczkiewicz,, Sweden,Top
ZiViZ,Erik Lövgren,, Sweden,Mid
Zvene,Simon Svensson, Natus Vincere.CIS, Sweden,Top
Airwaks,Karim Benghalia, Team ROCCAT,Switzerland,Jungler
Osaft22,Shawn Roger Bourquin,,Switzerland,Support
Wild Joshy,Josh Lim,,Switzerland,Mid
A8000,Chang Chen Yuan,, Taiwan,Mid
AJ,Chen Yen-Chun (___),, Taiwan,Top
AN,Chou Chun-An (___), ahq e-Sports Club, Taiwan,AD
Achie,Chen Chen-Chi (___), Taipei Assassins, Taiwan,Mid
Aching,Lin Cheng-Ying (___),, Taiwan,Mid
Albis,Kang Chia-Wei (___), ahq e-Sports Club, Taiwan,Support
Apex,Hsieh Chia-Wei (___), Machi E-Sports, Taiwan,Mid
ArTie,Chang Che-Ming (___), PaPaKanKanPaPa, Taiwan,Mid
Atu,Liang Chang-Wei (___), eXtreme Gamers, Taiwan,Coach
Backstairs,Chen Yan-fu (___), ahq e-Sports Club, Taiwan,
BayBay,Wang You-Chun (___), EDward Esports, Taiwan,Jungler
Bebe,Chang Bo-Wei (___), Taipei Assassins, Taiwan,AD
Betty,Lu Yu-Hung (___), Flash Husky, Taiwan,Jungle
BigBrother,Jeffrey Huang (___), Machi E-Sports, Taiwan,Sub
Biven,Wu Hao-Wei (___), DreamCatcher, Taiwan,Mid
BoBo,Wang You-Lin (___), Machi E-Sports, Taiwan,Top
Bony,Ho Jun-Jie (___), Flash Wolves Girls, Taiwan,Coach
Breaker,Shih Yueh-Ting (___), GashBears, Taiwan,AD